Provider,FraudProbability,RiskCategory,ActualFraud,PredictedFraud,TopFraudDriver,TotalClaimAmount,MaxHospitalStay,InpatientRatio
PRV52985,0.9992,Critical,1,1,total_claim_amount,1720120,35.0,0.086
PRV56560,0.999,Critical,1,1,total_claim_amount,3212000,35.0,0.107
PRV54772,0.999,Critical,1,1,total_claim_amount,1751320,35.0,0.052
PRV56416,0.9986,Critical,1,1,total_claim_amount,2744870,35.0,0.134
PRV54742,0.9984,Critical,1,1,total_claim_amount,2969530,35.0,0.122
PRV57172,0.9983,Critical,1,1,total_claim_amount,1386100,35.0,0.05
PRV55215,0.9981,Critical,1,1,total_claim_amount,2284560,34.0,0.042
PRV52340,0.9975,Critical,1,1,total_claim_amount,2540130,35.0,0.129
PRV57548,0.9974,Critical,1,1,total_claim_amount,1069050,35.0,0.51
PRV56647,0.9974,Critical,1,1,total_claim_amount,1288910,35.0,0.661
PRV51390,0.997,Critical,1,1,total_claim_amount,1607260,35.0,0.596
PRV51578,0.997,Critical,1,1,total_claim_amount,1662920,35.0,0.081
PRV55916,0.9967,Critical,0,1,total_claim_amount,1311040,35.0,0.906
PRV52120,0.9965,Critical,1,1,total_claim_amount,1950720,35.0,0.134
PRV55435,0.996,Critical,1,1,total_claim_amount,1250050,34.0,0.848
PRV52041,0.996,Critical,1,1,total_claim_amount,604980,0.0,0.0
PRV53421,0.9958,Critical,1,1,total_claim_amount,999910,35.0,0.736
PRV57103,0.9957,Critical,1,1,total_claim_amount,892770,18.0,0.014
PRV53797,0.9955,Critical,1,1,total_claim_amount,1303600,0.0,0.0
PRV52590,0.9953,Critical,1,1,total_claim_amount,1227580,26.0,0.553
PRV52320,0.9951,Critical,1,1,total_claim_amount,874200,35.0,0.189
PRV52135,0.9947,Critical,1,1,total_claim_amount,1825550,35.0,0.798
PRV53385,0.9936,Critical,1,1,total_claim_amount,1362570,35.0,0.102
PRV56689,0.9936,Critical,1,1,total_claim_amount,505530,0.0,0.0
PRV55194,0.9931,Critical,1,1,total_claim_amount,1700900,27.0,0.401
PRV54258,0.9922,Critical,1,1,total_claim_amount,1217250,35.0,0.496
PRV55483,0.9907,Critical,1,1,total_claim_amount,778040,35.0,0.855
PRV57306,0.9899,Critical,1,1,total_claim_amount,629460,0.0,0.0
PRV53269,0.9898,Critical,1,1,total_claim_amount,1045640,26.0,0.246
PRV51456,0.986,Critical,0,1,total_claim_amount,1038990,35.0,0.83
PRV53786,0.9848,Critical,1,1,total_claim_amount,715760,27.0,0.026
PRV53808,0.9844,Critical,1,1,total_claim_amount,1927250,35.0,0.396
PRV52511,0.9824,Critical,1,1,total_claim_amount,720280,23.0,0.305
PRV53884,0.9822,Critical,1,1,total_claim_amount,1039970,23.0,0.435
PRV55676,0.9809,Critical,1,1,total_claim_amount,1040300,28.0,0.689
PRV56575,0.9776,Critical,1,1,total_claim_amount,1154530,25.0,0.136
PRV57310,0.9759,Critical,1,1,total_claim_amount,673420,22.0,0.533
PRV56008,0.9754,Critical,1,1,total_claim_amount,476600,0.0,0.0
PRV51567,0.9746,Critical,1,1,total_claim_amount,465400,0.0,0.0
PRV55039,0.974,Critical,1,1,total_claim_amount,816200,22.0,0.015
PRV53961,0.9697,Critical,1,1,total_claim_amount,811460,35.0,0.752
PRV55023,0.968,Critical,0,1,max_hospital_stay,420150,35.0,0.531
PRV56438,0.9645,Critical,1,1,total_claim_amount,827300,31.0,0.481
PRV55996,0.9608,Critical,1,1,max_hospital_stay,264130,24.0,0.296
PRV56268,0.9587,Critical,1,1,total_claim_amount,940670,35.0,0.055
PRV54786,0.9477,Critical,1,1,total_claim_amount,415900,0.0,0.0
PRV53710,0.9477,Critical,0,1,total_claim_amount,615000,19.0,0.151
PRV55443,0.9467,Critical,0,1,total_claim_amount,341390,24.0,0.789
PRV53911,0.944,Critical,1,1,total_claim_amount,374480,32.0,0.026
PRV55465,0.9414,Critical,0,1,claims_per_patient,205830,13.0,0.027
PRV53697,0.9413,Critical,0,1,total_claim_amount,879270,20.0,0.623
PRV53781,0.9352,Critical,1,1,total_claim_amount,963190,35.0,0.201
PRV55834,0.935,Critical,0,1,claims_per_patient,197250,17.0,0.02
PRV56588,0.9326,Critical,1,1,total_claim_amount,1030600,35.0,0.372
PRV51059,0.9256,Critical,1,1,max_hospital_stay,421060,35.0,0.26
PRV54093,0.9211,Critical,1,1,max_hospital_stay,514980,35.0,0.461
PRV57335,0.9193,Critical,1,1,total_claim_amount,284670,22.0,0.004
PRV52474,0.9185,Critical,0,1,max_hospital_stay,228770,21.0,0.595
PRV55978,0.9143,Critical,0,1,total_claim_amount,957490,34.0,0.229
PRV53894,0.9076,Critical,1,1,max_hospital_stay,268080,35.0,0.069
PRV52621,0.905,Critical,0,1,max_hospital_stay,180280,25.0,0.533
PRV54848,0.8998,Critical,0,1,max_hospital_stay,239270,28.0,0.857
PRV51876,0.8995,Critical,1,1,max_hospital_stay,242320,27.0,0.295
PRV55437,0.8978,Critical,1,1,max_hospital_stay,400250,23.0,0.264
PRV55732,0.8975,Critical,0,1,max_hospital_stay,178660,21.0,0.108
PRV54514,0.896,Critical,1,1,total_claim_amount,644010,32.0,0.124
PRV56550,0.889,Critical,1,1,total_claim_amount,554890,27.0,0.688
PRV51590,0.8833,Critical,1,1,total_claim_amount,781380,35.0,0.964
PRV57227,0.8819,Critical,0,1,max_hospital_stay,191800,35.0,0.404
PRV57101,0.8801,Critical,0,1,total_claim_amount,369680,26.0,0.114
PRV54074,0.878,Critical,1,1,max_hospital_stay,342890,22.0,0.204
PRV54359,0.8679,Critical,1,1,total_claim_amount,584210,18.0,0.09
PRV53675,0.8658,Critical,0,1,total_claim_amount,747680,35.0,0.256
PRV55521,0.8513,Critical,0,1,claims_per_patient,157650,0.0,0.0
PRV55913,0.851,Critical,1,1,total_claim_amount,373270,0.0,0.0
PRV52115,0.8451,Critical,1,1,max_hospital_stay,241500,30.0,0.222
PRV56738,0.8427,Critical,0,1,max_hospital_stay,268680,35.0,0.037
PRV57715,0.8411,Critical,0,1,total_claim_amount,688200,13.0,0.049
PRV52325,0.834,Critical,1,1,max_hospital_stay,281800,35.0,0.208
PRV52071,0.82,Critical,0,1,total_claim_amount,259850,0.0,0.0
PRV51482,0.8037,Critical,1,1,max_hospital_stay,218470,21.0,0.121
PRV52063,0.8013,Critical,0,1,total_claim_amount,1116210,35.0,0.111
PRV53245,0.8003,Critical,1,1,max_hospital_stay,214800,35.0,0.11
PRV54245,0.7903,High,0,1,max_hospital_stay,157450,33.0,0.081
PRV51126,0.7823,High,1,1,max_hospital_stay,177000,28.0,1.0
PRV53910,0.7733,High,0,1,max_hospital_stay,275480,31.0,0.281
PRV52876,0.7721,High,0,1,max_hospital_stay,195980,22.0,0.247
PRV56819,0.7664,High,0,1,max_hospital_stay,220900,35.0,0.96
PRV52072,0.76,High,0,1,max_hospital_stay,421030,21.0,0.311
PRV52366,0.7523,High,0,1,max_hospital_stay,280880,12.0,0.116
PRV55835,0.7445,High,1,1,max_hospital_stay,139590,25.0,0.026
PRV57096,0.7277,High,1,1,max_hospital_stay,160000,23.0,1.0
PRV56142,0.7264,High,0,1,max_hospital_stay,131590,33.0,0.094
PRV55506,0.726,High,1,1,max_hospital_stay,124940,35.0,0.857
PRV53787,0.7251,High,1,1,max_hospital_stay,303480,35.0,0.432
PRV57702,0.7188,High,0,1,max_hospital_stay,80830,35.0,0.467
PRV52308,0.701,High,1,1,total_claim_amount,374760,19.0,0.46
PRV55262,0.6954,High,0,1,total_claim_amount,235860,22.0,0.04
PRV51951,0.6936,High,1,1,max_hospital_stay,473010,28.0,0.471
PRV54230,0.6896,High,1,1,max_hospital_stay,408650,35.0,0.349
PRV52583,0.6669,High,0,1,max_hospital_stay,237790,26.0,0.125
PRV54885,0.6633,High,0,1,total_claim_amount,411400,35.0,0.114
PRV56012,0.6469,High,1,1,max_hospital_stay,325870,35.0,0.659
PRV53802,0.6135,High,0,1,max_hospital_stay,459870,31.0,0.575
PRV51342,0.6073,High,0,1,total_claim_amount,356780,20.0,0.135
PRV54339,0.6068,High,0,1,max_hospital_stay,143870,22.0,0.089
PRV52584,0.6067,High,0,1,max_hospital_stay,57460,23.0,0.056
PRV52303,0.6036,High,0,1,total_claim_amount,347340,11.0,0.059
PRV54559,0.5733,Medium,0,1,chronic_heartfailure,255560,20.0,0.364
PRV57640,0.5717,Medium,0,1,max_hospital_stay,48130,25.0,0.333
PRV55662,0.5707,Medium,0,1,max_hospital_stay,233000,35.0,1.0
PRV54690,0.5539,Medium,0,1,total_claim_amount,224960,0.0,0.0
PRV53297,0.5462,Medium,1,1,max_hospital_stay,171770,24.0,0.517
PRV54651,0.5455,Medium,1,1,max_hospital_stay,291760,23.0,0.231
PRV56918,0.5448,Medium,1,1,max_hospital_stay,142000,35.0,1.0
PRV57307,0.5338,Medium,0,1,diagnosis_diversity,141740,19.0,0.316
PRV54564,0.5315,Medium,0,1,total_claim_amount,229780,0.0,0.0
PRV52842,0.5298,Medium,0,1,total_claim_amount,396510,18.0,0.054
PRV51431,0.5207,Medium,0,1,chronic_heartfailure,236720,23.0,0.51
PRV57231,0.517,Medium,0,1,max_hospital_stay,179300,33.0,0.375
PRV52868,0.4943,Medium,1,0,total_claim_amount,434120,17.0,0.382
PRV54917,0.4905,Medium,0,0,max_hospital_stay,112450,35.0,0.405
PRV51285,0.4864,Medium,0,0,total_claim_amount,196120,19.0,0.089
PRV55479,0.4706,Medium,0,0,claims_per_patient,162410,0.0,0.0
PRV55736,0.4634,Medium,0,0,max_hospital_stay,107940,21.0,0.017
PRV55185,0.4437,Medium,0,0,max_hospital_stay,112170,5.0,0.024
PRV53129,0.4411,Medium,0,0,max_hospital_stay,82550,35.0,0.065
PRV56033,0.4267,Medium,0,0,max_hospital_stay,50160,35.0,0.5
PRV55937,0.4163,Medium,0,0,max_hospital_stay,165910,14.0,0.018
PRV55189,0.4091,Medium,0,0,max_hospital_stay,339940,12.0,0.271
PRV54382,0.4045,Medium,1,0,total_claim_amount,704830,24.0,0.257
PRV56614,0.4014,Medium,0,0,claims_per_patient,126100,20.0,0.577
PRV57210,0.3987,Medium,1,0,max_hospital_stay,137020,35.0,0.233
PRV55057,0.3944,Medium,1,0,claims_per_patient,94560,0.0,0.0
PRV52346,0.3912,Medium,0,0,max_hospital_stay,217540,14.0,0.279
PRV57216,0.386,Medium,0,0,max_hospital_stay,106260,25.0,0.122
PRV53960,0.3787,Medium,0,0,claims_per_patient,127360,0.0,0.0
PRV55051,0.3701,Medium,0,0,max_hospital_stay,60000,26.0,1.0
PRV51695,0.3669,Medium,0,0,claims_per_patient,113180,0.0,0.0
PRV54208,0.3598,Medium,0,0,claims_per_physician,114160,19.0,0.37
PRV56231,0.3535,Medium,1,0,total_claim_amount,408720,21.0,0.119
PRV57490,0.3402,Medium,0,0,max_hospital_stay,201200,17.0,1.0
PRV55515,0.3394,Medium,0,0,claims_per_patient,130860,0.0,0.0
PRV54064,0.3386,Medium,0,0,max_hospital_stay,222200,16.0,0.131
PRV55846,0.3299,Medium,0,0,total_claim_amount,511670,19.0,0.362
PRV53623,0.3263,Medium,1,0,claims_per_patient,245450,0.0,0.0
PRV55490,0.3232,Medium,0,0,max_hospital_stay,160900,13.0,0.38
PRV52335,0.3201,Medium,0,0,claims_per_patient,109870,7.0,0.008
PRV57521,0.3184,Medium,0,0,max_hospital_stay,121150,35.0,0.108
PRV54875,0.3169,Medium,1,0,avg_hospital_stay,172000,29.0,1.0
PRV56591,0.3152,Medium,1,0,max_hospital_stay,135460,21.0,0.112
PRV51522,0.3098,Medium,0,0,max_hospital_stay,206780,11.0,0.063
PRV53117,0.3052,Medium,0,0,max_hospital_stay,215370,25.0,0.072
PRV56764,0.3043,Medium,0,0,max_hospital_stay,95680,13.0,0.025
PRV56023,0.2976,Low,1,0,total_claim_amount,88070,19.0,0.167
PRV54692,0.2891,Low,1,0,max_hospital_stay,375880,15.0,0.667
PRV57197,0.2824,Low,0,0,max_hospital_stay,115540,33.0,0.08
PRV52292,0.2802,Low,1,0,max_hospital_stay,303000,26.0,1.0
PRV56742,0.2768,Low,0,0,diagnosis_diversity,120750,20.0,0.257
PRV55548,0.2752,Low,0,0,max_hospital_stay,159660,0.0,0.0
PRV54761,0.2707,Low,0,0,max_hospital_stay,216040,0.0,0.0
PRV52859,0.2707,Low,0,0,total_claim_amount,287930,0.0,0.0
PRV54774,0.2687,Low,0,0,max_hospital_stay,203170,11.0,0.01
PRV53431,0.2669,Low,0,0,max_hospital_stay,30080,24.0,0.024
PRV54876,0.257,Low,1,0,max_hospital_stay,58000,28.0,1.0
PRV52499,0.2516,Low,0,0,max_hospital_stay,164670,7.0,0.051
PRV51927,0.2458,Low,0,0,max_hospital_stay,64050,25.0,0.833
PRV53294,0.2456,Low,0,0,claims_per_patient,180760,0.0,0.0
PRV55381,0.2251,Low,0,0,max_hospital_stay,173700,10.0,0.444
PRV56802,0.2223,Low,0,0,max_hospital_stay,185000,12.0,1.0
PRV56044,0.2213,Low,0,0,total_claim_amount,350770,15.0,0.062
PRV54284,0.2205,Low,0,0,max_hospital_stay,96100,9.0,0.071
PRV51005,0.2194,Low,1,0,max_hospital_stay,280910,0.0,0.0
PRV53799,0.2188,Low,0,0,max_hospital_stay,306440,11.0,0.019
PRV51579,0.2175,Low,0,0,max_hospital_stay,247680,14.0,0.25
PRV55242,0.2167,Low,0,0,chronic_alzheimer,65630,14.0,0.294
PRV56412,0.2156,Low,0,0,max_hospital_stay,111360,10.0,0.08
PRV52129,0.2037,Low,0,0,claims_per_patient,55590,0.0,0.0
PRV57569,0.1998,Low,1,0,max_hospital_stay,57940,25.0,0.068
PRV54153,0.1963,Low,0,0,total_claim_amount,41410,20.0,0.214
PRV54330,0.1961,Low,0,0,max_hospital_stay,280120,8.0,0.038
PRV53670,0.1958,Low,1,0,max_hospital_stay,322450,0.0,0.0
PRV56607,0.1911,Low,0,0,max_hospital_stay,48820,29.0,0.056
PRV54238,0.1889,Low,0,0,claims_per_patient,92890,0.0,0.0
PRV56410,0.1863,Low,0,0,max_hospital_stay,92530,0.0,0.0
PRV52829,0.1764,Low,0,0,max_hospital_stay,226800,5.0,0.011
PRV56896,0.1755,Low,0,0,max_hospital_stay,60000,21.0,1.0
PRV55850,0.1667,Low,0,0,max_hospital_stay,416040,15.0,0.076
PRV55830,0.1666,Low,0,0,max_hospital_stay,103120,9.0,0.8
PRV54743,0.1652,Low,1,0,max_hospital_stay,87470,34.0,0.088
PRV53671,0.1651,Low,1,0,max_hospital_stay,253590,11.0,0.564
PRV55010,0.148,Low,1,0,total_claim_amount,66400,0.0,0.0
PRV55969,0.1476,Low,0,0,total_claim_amount,204140,0.0,0.0
PRV55661,0.1457,Low,0,0,max_hospital_stay,202000,12.0,1.0
PRV52656,0.1451,Low,0,0,total_claim_amount,239770,0.0,0.0
PRV53920,0.1434,Low,0,0,max_hospital_stay,95610,8.0,0.014
PRV52001,0.1367,Low,0,0,max_hospital_stay,320620,0.0,0.0
PRV56355,0.1356,Low,0,0,claims_per_patient,76130,5.0,0.035
PRV55734,0.1331,Low,0,0,total_claim_amount,71190,0.0,0.0
PRV51821,0.1271,Low,0,0,max_hospital_stay,138000,35.0,1.0
PRV54504,0.1263,Low,1,0,max_hospital_stay,434920,14.0,0.367
PRV54745,0.1256,Low,0,0,max_hospital_stay,295740,15.0,0.012
PRV54819,0.1229,Low,0,0,max_hospital_stay,158110,15.0,0.92
PRV56173,0.1219,Low,0,0,max_hospital_stay,106720,13.0,0.136
PRV57331,0.121,Low,0,0,max_hospital_stay,217200,15.0,0.113
PRV51196,0.1188,Low,0,0,max_hospital_stay,197060,0.0,0.0
PRV54361,0.1164,Low,1,0,max_hospital_stay,83640,35.0,0.175
PRV52483,0.1149,Low,0,0,claims_per_patient,52110,0.0,0.0
PRV53951,0.111,Low,1,0,max_hospital_stay,223620,11.0,0.407
PRV56628,0.1027,Low,0,0,max_hospital_stay,110420,16.0,0.089
PRV57080,0.1021,Low,0,0,max_hospital_stay,57000,35.0,1.0
PRV57324,0.0994,Low,0,0,chronic_heartfailure,213550,23.0,0.188
PRV52553,0.0966,Low,0,0,chronic_cancer,62320,20.0,0.5
PRV51566,0.0961,Low,0,0,total_claim_amount,90030,20.0,0.577
PRV52495,0.0957,Low,0,0,max_hospital_stay,98800,8.0,0.8
PRV56425,0.0957,Low,1,0,avg_patient_age,135450,15.0,0.021
PRV52159,0.0957,Low,0,0,max_hospital_stay,288300,9.0,0.089
PRV56686,0.0953,Low,0,0,max_hospital_stay,143000,15.0,0.75
PRV55944,0.0952,Low,0,0,max_hospital_stay,97870,15.0,0.423
PRV53111,0.0911,Low,0,0,max_hospital_stay,68750,12.0,0.212
PRV52826,0.0897,Low,1,0,claims_per_patient,101600,0.0,0.0
PRV56216,0.0896,Low,0,0,max_hospital_stay,157910,0.0,0.0
PRV52166,0.0894,Low,0,0,total_claim_amount,69300,14.0,0.07
PRV52057,0.0893,Low,0,0,max_hospital_stay,173770,18.0,0.054
PRV54978,0.0885,Low,0,0,avg_claim_amount,86760,0.0,0.0
PRV55633,0.0883,Low,0,0,max_hospital_stay,91690,0.0,0.0
PRV51509,0.0883,Low,0,0,max_hospital_stay,322130,0.0,0.0
PRV54505,0.0877,Low,1,0,max_hospital_stay,55140,13.0,0.132
PRV52328,0.0801,Low,0,0,total_claim_amount,19560,0.0,0.0
PRV55450,0.0801,Low,0,0,total_claim_amount,57610,9.0,0.005
PRV56643,0.0786,Low,0,0,max_hospital_stay,72690,12.0,0.333
PRV53889,0.0759,Low,0,0,max_hospital_stay,98480,9.0,0.046
PRV53872,0.0755,Low,0,0,max_hospital_stay,170480,11.0,0.039
PRV55399,0.0737,Low,0,0,chronic_kidney,35790,7.0,0.111
PRV54555,0.0729,Low,0,0,claims_per_patient,51000,20.0,1.0
PRV53251,0.0726,Low,0,0,max_hospital_stay,95400,3.0,0.017
PRV53319,0.0716,Low,0,0,max_hospital_stay,130220,9.0,0.114
PRV56156,0.0681,Low,0,0,max_hospital_stay,46620,13.0,0.072
PRV55688,0.0673,Low,0,0,total_claim_amount,23600,8.0,0.021
PRV54977,0.0673,Low,0,0,max_hospital_stay,89140,8.0,0.094
PRV55470,0.066,Low,0,0,max_hospital_stay,135060,0.0,0.0
PRV56710,0.0648,Low,0,0,max_hospital_stay,64690,12.0,0.149
PRV52156,0.0645,Low,0,0,max_hospital_stay,271910,12.0,0.105
PRV51518,0.0634,Low,0,0,total_claim_amount,43920,7.0,0.094
PRV56566,0.0627,Low,1,0,claims_per_patient,68110,8.0,0.006
PRV53252,0.0616,Low,0,0,max_hospital_stay,78090,5.0,0.052
PRV54237,0.0616,Low,0,0,max_hospital_stay,52560,0.0,0.0
PRV57159,0.0608,Low,0,0,total_claim_amount,62310,0.0,0.0
PRV56451,0.0606,Low,0,0,claims_per_patient,72950,0.0,0.0
PRV56782,0.0591,Low,0,0,claims_per_patient,90010,0.0,0.0
PRV57303,0.0588,Low,0,0,max_hospital_stay,116860,14.0,0.105
PRV54577,0.0576,Low,0,0,max_hospital_stay,494010,16.0,0.738
PRV53689,0.0567,Low,0,0,max_hospital_stay,178130,0.0,0.0
PRV53272,0.0556,Low,0,0,total_claim_amount,32660,14.0,0.167
PRV57217,0.0549,Low,0,0,max_hospital_stay,119060,13.0,0.145
PRV57094,0.0536,Low,0,0,max_hospital_stay,48000,29.0,1.0
PRV51535,0.0522,Low,0,0,max_hospital_stay,121350,7.0,0.005
PRV52359,0.0516,Low,0,0,max_hospital_stay,426430,17.0,0.393
PRV57255,0.0516,Low,0,0,total_claim_amount,6890,0.0,0.0
PRV56190,0.0513,Low,0,0,total_claim_amount,790,0.0,0.0
PRV52850,0.0493,Low,0,0,claims_per_patient,48470,5.0,0.007
PRV53972,0.0487,Low,0,0,max_hospital_stay,51920,6.0,0.081
PRV56347,0.0477,Low,0,0,max_hospital_stay,106110,13.0,0.176
PRV54267,0.0468,Low,0,0,total_claim_amount,78960,0.0,0.0
PRV53308,0.046,Low,0,0,max_hospital_stay,125990,9.0,0.156
PRV54620,0.0458,Low,0,0,max_hospital_stay,74520,10.0,0.538
PRV56570,0.0456,Low,0,0,chronic_cancer,150940,20.0,0.433
PRV57305,0.0453,Low,0,0,chronic_kidney,175750,0.0,0.0
PRV52851,0.0452,Low,0,0,max_hospital_stay,67460,8.0,0.216
PRV52094,0.0449,Low,0,0,max_hospital_stay,161120,15.0,0.151
PRV56758,0.0442,Low,0,0,max_hospital_stay,164890,0.0,0.0
PRV52304,0.0432,Low,0,0,total_claim_amount,63120,0.0,0.0
PRV56610,0.0429,Low,0,0,max_hospital_stay,76590,13.0,0.4
PRV53676,0.0427,Low,0,0,max_hospital_stay,167540,0.0,0.0
PRV54157,0.0415,Low,0,0,total_claim_amount,27980,0.0,0.0
PRV53686,0.0408,Low,0,0,max_hospital_stay,78140,0.0,0.0
PRV56361,0.0406,Low,1,0,chronic_heartfailure,105550,17.0,0.061
PRV53672,0.04,Low,0,0,max_hospital_stay,142060,0.0,0.0
PRV51551,0.0396,Low,0,0,max_hospital_stay,112800,15.0,0.179
PRV52688,0.0371,Low,0,0,max_hospital_stay,115670,12.0,0.102
PRV57667,0.0369,Low,1,0,total_claim_amount,20000,21.0,1.0
PRV51274,0.0366,Low,0,0,max_hospital_stay,175720,9.0,0.172
PRV52394,0.0365,Low,0,0,total_claim_amount,55530,12.0,0.025
PRV51479,0.0357,Low,0,0,max_hospital_stay,134630,11.0,0.057
PRV56772,0.0356,Low,0,0,total_claim_amount,47960,18.0,0.071
PRV52687,0.0351,Low,0,0,max_hospital_stay,61920,10.0,0.146
PRV53964,0.0345,Low,0,0,total_claim_amount,40830,0.0,0.0
PRV55265,0.0342,Low,0,0,total_claim_amount,43280,0.0,0.0
PRV53604,0.034,Low,0,0,chronic_cancer,51000,16.0,1.0
PRV51544,0.0336,Low,0,0,inpatient_claims,480150,20.0,0.193
PRV57340,0.0332,Low,0,0,max_hospital_stay,204360,10.0,0.415
PRV56793,0.0329,Low,0,0,max_hospital_stay,56330,5.0,0.097
PRV56626,0.0327,Low,0,0,max_hospital_stay,65670,10.0,0.043
PRV57590,0.0322,Low,0,0,total_claim_amount,33520,9.0,0.039
PRV57174,0.0313,Low,0,0,max_hospital_stay,95930,9.0,0.222
PRV52644,0.0312,Low,0,0,max_hospital_stay,70530,9.0,0.29
PRV56754,0.0312,Low,0,0,total_claim_amount,74050,7.0,0.083
PRV52573,0.0308,Low,0,0,max_hospital_stay,158670,0.0,0.0
PRV55426,0.0307,Low,0,0,total_claim_amount,22110,0.0,0.0
PRV57732,0.0303,Low,0,0,max_hospital_stay,88140,17.0,0.22
PRV53261,0.0301,Low,0,0,total_claim_amount,41550,0.0,0.0
PRV57311,0.03,Low,0,0,total_claim_amount,85340,0.0,0.0
PRV55607,0.0299,Low,0,0,total_claim_amount,40,0.0,0.0
PRV53643,0.0299,Low,0,0,total_claim_amount,200,0.0,0.0
PRV55281,0.0298,Low,0,0,max_hospital_stay,54330,0.0,0.0
PRV56207,0.0297,Low,0,0,max_hospital_stay,89520,16.0,0.032
PRV57184,0.0297,Low,0,0,total_claim_amount,66960,12.0,0.017
PRV52079,0.0296,Low,0,0,max_hospital_stay,45100,22.0,0.212
PRV55058,0.0296,Low,0,0,total_claim_amount,63470,0.0,0.0
PRV55357,0.0291,Low,0,0,total_claim_amount,37270,0.0,0.0
PRV54907,0.0283,Low,0,0,max_hospital_stay,59920,0.0,0.0
PRV52457,0.0277,Low,0,0,max_hospital_stay,117000,8.0,1.0
PRV54021,0.0276,Low,0,0,total_claim_amount,1980,0.0,0.0
PRV51929,0.0267,Low,0,0,max_hospital_stay,106630,6.0,0.072
PRV52107,0.0264,Low,0,0,max_hospital_stay,124760,13.0,0.084
PRV54841,0.0263,Low,0,0,max_hospital_stay,50250,6.0,0.5
PRV52281,0.0263,Low,0,0,claims_per_patient,408000,15.0,1.0
PRV53416,0.0262,Low,0,0,max_hospital_stay,50840,2.0,0.011
PRV52334,0.026,Low,0,0,max_hospital_stay,113980,13.0,0.119
PRV52599,0.0258,Low,0,0,max_hospital_stay,87890,0.0,0.0
PRV56563,0.025,Low,0,0,max_hospital_stay,96890,10.0,0.267
PRV57603,0.0249,Low,0,0,max_hospital_stay,49340,0.0,0.0
PRV53289,0.0238,Low,0,0,total_claim_amount,36260,3.0,0.009
PRV52865,0.0236,Low,0,0,max_hospital_stay,82790,7.0,0.091
PRV55867,0.0231,Low,0,0,total_claim_amount,39460,0.0,0.0
PRV56311,0.0224,Low,0,0,total_claim_amount,7670,0.0,0.0
PRV54506,0.0221,Low,0,0,max_hospital_stay,56570,4.0,0.022
PRV53317,0.0219,Low,0,0,max_hospital_stay,45850,9.0,0.312
PRV52576,0.0217,Low,0,0,max_hospital_stay,49850,5.0,0.115
PRV57415,0.0216,Low,0,0,total_claim_amount,39090,0.0,0.0
PRV56721,0.0214,Low,0,0,max_hospital_stay,60120,0.0,0.0
PRV53320,0.021,Low,0,0,max_hospital_stay,81340,2.0,0.048
PRV54860,0.0209,Low,0,0,total_claim_amount,14080,0.0,0.0
PRV56218,0.0208,Low,0,0,chronic_heartfailure,59160,17.0,0.051
PRV54006,0.0205,Low,0,0,total_claim_amount,90,0.0,0.0
PRV56576,0.0202,Low,0,0,total_claim_amount,67150,2.0,0.004
PRV51289,0.0201,Low,0,0,max_hospital_stay,46300,0.0,0.0
PRV54757,0.0199,Low,0,0,claims_per_patient,117290,18.0,0.231
PRV54681,0.0196,Low,0,0,claims_per_patient,63790,0.0,0.0
PRV56130,0.0195,Low,0,0,max_hospital_stay,120000,12.0,1.0
PRV55705,0.0194,Low,0,0,max_hospital_stay,63920,0.0,0.0
PRV53388,0.0193,Low,0,0,chronic_heartfailure,123340,7.0,0.09
PRV54834,0.0192,Low,0,0,max_hospital_stay,59300,4.0,0.375
PRV51895,0.0189,Low,0,0,total_claim_amount,3730,0.0,0.0
PRV51102,0.0188,Low,0,0,max_hospital_stay,148000,10.0,1.0
PRV51838,0.0183,Low,0,0,max_hospital_stay,54000,0.0,0.0
PRV55984,0.0183,Low,0,0,max_hospital_stay,126120,0.0,0.0
PRV53688,0.0181,Low,0,0,total_claim_amount,3440,0.0,0.0
PRV52414,0.0179,Low,0,0,total_claim_amount,43600,0.0,0.0
PRV54919,0.0178,Low,0,0,max_hospital_stay,66770,3.0,0.022
PRV51176,0.0178,Low,0,0,max_hospital_stay,145980,0.0,0.0
PRV55675,0.0178,Low,0,0,max_hospital_stay,98840,5.0,0.024
PRV53110,0.0175,Low,0,0,total_claim_amount,23280,11.0,0.033
PRV52683,0.0169,Low,0,0,total_claim_amount,33240,0.0,0.0
PRV51296,0.0169,Low,0,0,max_hospital_stay,38630,25.0,0.1
PRV56724,0.0168,Low,0,0,claims_per_patient,85860,18.0,0.231
PRV52113,0.0167,Low,0,0,total_claim_amount,22170,0.0,0.0
PRV57545,0.0165,Low,0,0,total_claim_amount,40430,4.0,0.016
PRV57265,0.0165,Low,0,0,total_claim_amount,200,0.0,0.0
PRV55132,0.0157,Low,0,0,max_hospital_stay,108000,6.0,1.0
PRV57633,0.0154,Low,0,0,max_hospital_stay,31000,35.0,1.0
PRV54402,0.0154,Low,0,0,max_hospital_stay,74520,8.0,0.107
PRV53489,0.0153,Low,0,0,chronic_cancer,74870,15.0,0.25
PRV53507,0.0148,Low,0,0,max_hospital_stay,62000,10.0,1.0
PRV54638,0.0148,Low,0,0,max_hospital_stay,82000,8.0,1.0
PRV54269,0.0148,Low,0,0,total_claim_amount,32740,0.0,0.0
PRV51017,0.0147,Low,0,0,max_hospital_stay,142720,0.0,0.0
PRV53248,0.0146,Low,0,0,max_hospital_stay,88890,8.0,0.088
PRV57074,0.0144,Low,0,0,max_hospital_stay,59000,8.0,1.0
PRV54430,0.0144,Low,0,0,total_claim_amount,12900,0.0,0.0
PRV51355,0.0142,Low,0,0,max_hospital_stay,145060,12.0,0.203
PRV51276,0.0142,Low,0,0,max_hospital_stay,133980,16.0,0.209
PRV57437,0.0142,Low,0,0,claims_per_patient,63170,18.0,0.222
PRV57245,0.014,Low,0,0,total_claim_amount,32790,0.0,0.0
PRV51432,0.014,Low,0,0,max_hospital_stay,59270,4.0,0.304
PRV55765,0.0139,Low,0,0,total_claim_amount,20790,3.0,0.1
PRV54255,0.0136,Low,0,0,max_hospital_stay,107230,0.0,0.0
PRV56041,0.0136,Low,0,0,total_claim_amount,32040,0.0,0.0
PRV57443,0.0132,Low,0,0,total_claim_amount,33790,0.0,0.0
PRV54076,0.0131,Low,0,0,max_hospital_stay,91970,14.0,0.173
PRV54414,0.0131,Low,0,0,max_hospital_stay,31780,4.0,0.033
PRV53246,0.0129,Low,0,0,chronic_kidney,56490,14.0,0.018
PRV54439,0.0129,Low,0,0,total_claim_amount,190,0.0,0.0
PRV54477,0.0128,Low,0,0,total_claim_amount,34310,0.0,0.0
PRV55948,0.0126,Low,0,0,max_hospital_stay,75960,13.0,0.143
PRV51398,0.0126,Low,0,0,total_claim_amount,31040,4.0,0.012
PRV51864,0.0123,Low,0,0,chronic_heartfailure,91090,4.0,0.045
PRV56364,0.0122,Low,0,0,total_claim_amount,31280,0.0,0.0
PRV52055,0.0121,Low,0,0,max_hospital_stay,51010,0.0,0.0
PRV55663,0.0121,Low,0,0,claims_per_patient,36000,14.0,1.0
PRV56658,0.012,Low,0,0,total_claim_amount,35160,16.0,0.014
PRV51139,0.0117,Low,0,0,max_hospital_stay,52580,8.0,0.163
PRV51314,0.0117,Low,0,0,total_claim_amount,6460,0.0,0.0
PRV53314,0.0115,Low,0,0,max_hospital_stay,92490,15.0,0.07
PRV52144,0.0114,Low,0,0,chronic_heartfailure,123130,20.0,0.09
PRV53590,0.0113,Low,0,0,max_hospital_stay,98820,9.0,0.368
PRV54990,0.0112,Low,0,0,max_hospital_stay,46600,10.0,0.2
PRV52309,0.011,Low,0,0,total_claim_amount,45340,0.0,0.0
PRV51358,0.0109,Low,0,0,claims_per_patient,61210,5.0,0.412
PRV53387,0.0109,Low,0,0,total_claim_amount,36320,9.0,0.061
PRV57351,0.0108,Low,0,0,total_claim_amount,20180,0.0,0.0
PRV55974,0.0107,Low,0,0,claims_per_patient,69110,0.0,0.0
PRV57347,0.0106,Low,0,0,max_hospital_stay,145560,12.0,0.117
PRV53133,0.0105,Low,0,0,total_claim_amount,46660,0.0,0.0
PRV56511,0.0104,Low,0,0,total_claim_amount,6060,0.0,0.0
PRV57441,0.0104,Low,0,0,total_claim_amount,26660,0.0,0.0
PRV51008,0.0103,Low,0,0,total_claim_amount,35630,5.0,0.047
PRV57634,0.0101,Low,0,0,max_hospital_stay,58000,9.0,1.0
PRV56726,0.01,Low,0,0,max_hospital_stay,72440,3.0,0.188
PRV55231,0.0099,Low,0,0,total_claim_amount,41470,0.0,0.0
PRV54497,0.0099,Low,0,0,max_hospital_stay,51000,7.0,1.0
PRV56490,0.0097,Low,0,0,max_hospital_stay,78170,7.0,0.786
PRV55843,0.0096,Low,0,0,total_claim_amount,46740,0.0,0.0
PRV52417,0.0096,Low,0,0,total_claim_amount,4210,0.0,0.0
PRV56502,0.0094,Low,0,0,total_claim_amount,1410,0.0,0.0
PRV57487,0.0093,Low,0,0,max_hospital_stay,140000,17.0,1.0
PRV55789,0.0093,Low,0,0,total_claim_amount,6860,0.0,0.0
PRV57301,0.0093,Low,0,0,claims_per_patient,42090,8.0,0.125
PRV56840,0.0092,Low,0,0,total_claim_amount,19090,0.0,0.0
PRV54521,0.0091,Low,0,0,total_claim_amount,31840,0.0,0.0
PRV57211,0.009,Low,0,0,max_hospital_stay,81930,4.0,0.072
PRV56280,0.009,Low,0,0,total_claim_amount,8450,0.0,0.0
PRV52478,0.009,Low,0,0,total_claim_amount,31700,18.0,0.091
PRV53720,0.009,Low,0,0,total_claim_amount,13700,0.0,0.0
PRV56914,0.009,Low,0,0,claims_per_patient,70000,15.0,1.0
PRV52671,0.0088,Low,0,0,total_claim_amount,240,0.0,0.0
PRV51605,0.0088,Low,0,0,max_hospital_stay,46990,11.0,0.069
PRV57109,0.0087,Low,0,0,max_hospital_stay,86790,9.0,0.07
PRV55267,0.0086,Low,0,0,total_claim_amount,36020,0.0,0.0
PRV51661,0.0085,Low,0,0,total_claim_amount,47570,0.0,0.0
PRV53166,0.0084,Low,0,0,total_claim_amount,8960,8.0,0.043
PRV55133,0.0084,Low,0,0,claims_per_patient,50000,17.0,1.0
PRV51011,0.0084,Low,0,0,total_claim_amount,16630,5.0,0.017
PRV51595,0.0081,Low,0,0,total_claim_amount,14660,3.0,0.042
PRV55031,0.0081,Low,0,0,max_hospital_stay,45300,6.0,0.125
PRV56245,0.008,Low,0,0,total_claim_amount,13720,0.0,0.0
PRV51290,0.0079,Low,0,0,total_claim_amount,14990,0.0,0.0
PRV56722,0.0078,Low,0,0,total_claim_amount,24770,11.0,0.08
PRV54975,0.0078,Low,0,0,total_claim_amount,36460,0.0,0.0
PRV56147,0.0077,Low,0,0,total_claim_amount,18470,21.0,0.25
PRV57679,0.0077,Low,0,0,total_claim_amount,400,0.0,0.0
PRV55026,0.0077,Low,0,0,max_hospital_stay,76910,0.0,0.0
PRV52286,0.0076,Low,0,0,max_hospital_stay,90000,5.0,1.0
PRV55856,0.0076,Low,0,0,total_claim_amount,12120,0.0,0.0
PRV57704,0.0076,Low,0,0,total_claim_amount,26770,14.0,0.429
PRV56701,0.0076,Low,0,0,total_claim_amount,36680,14.0,0.174
PRV56909,0.0075,Low,0,0,total_claim_amount,18590,8.0,0.429
PRV54353,0.0075,Low,0,0,total_claim_amount,6620,0.0,0.0
PRV54123,0.0073,Low,0,0,total_claim_amount,110,0.0,0.0
PRV54820,0.0072,Low,0,0,total_claim_amount,12000,2.0,1.0
PRV54756,0.0072,Low,0,0,total_claim_amount,17390,5.0,0.158
PRV57504,0.0072,Low,0,0,total_claim_amount,5910,0.0,0.0
PRV55248,0.0072,Low,0,0,max_hospital_stay,46760,0.0,0.0
PRV51961,0.0072,Low,0,0,total_claim_amount,46610,0.0,0.0
PRV53296,0.0071,Low,0,0,max_hospital_stay,62740,0.0,0.0
PRV57584,0.0071,Low,0,0,total_claim_amount,28760,3.0,0.07
PRV56777,0.0071,Low,0,0,max_hospital_stay,113150,15.0,0.295
PRV52423,0.0071,Low,0,0,total_claim_amount,11480,0.0,0.0
PRV51100,0.007,Low,0,0,max_hospital_stay,78000,9.0,1.0
PRV55358,0.007,Low,0,0,total_claim_amount,14710,0.0,0.0
PRV55003,0.007,Low,0,0,max_hospital_stay,77850,6.0,0.066
PRV52487,0.007,Low,0,0,max_hospital_stay,51030,0.0,0.0
PRV51776,0.0069,Low,0,0,total_claim_amount,12640,0.0,0.0
PRV53708,0.0069,Low,0,0,total_claim_amount,20820,0.0,0.0
PRV55631,0.0069,Low,0,0,total_claim_amount,400,0.0,0.0
PRV52193,0.0069,Low,0,0,total_claim_amount,28620,0.0,0.0
PRV55208,0.0068,Low,0,0,max_hospital_stay,76300,16.0,0.132
PRV54280,0.0068,Low,0,0,total_claim_amount,7030,0.0,0.0
PRV51668,0.0068,Low,0,0,total_claim_amount,9020,0.0,0.0
PRV52598,0.0068,Low,0,0,total_claim_amount,10490,0.0,0.0
PRV52724,0.0068,Low,0,0,total_claim_amount,5040,0.0,0.0
PRV53963,0.0067,Low,0,0,max_hospital_stay,70660,6.0,0.103
PRV57082,0.0067,Low,0,0,max_hospital_stay,100000,10.0,1.0
PRV55363,0.0066,Low,0,0,total_claim_amount,24070,0.0,0.0
PRV53612,0.0066,Low,0,0,claims_per_patient,31180,9.0,0.13
PRV53625,0.0065,Low,0,0,total_claim_amount,44210,0.0,0.0
PRV55942,0.0064,Low,0,0,total_claim_amount,23270,6.0,0.024
PRV56551,0.0064,Low,0,0,total_claim_amount,14070,0.0,0.0
PRV51675,0.0064,Low,0,0,total_claim_amount,7690,0.0,0.0
PRV55556,0.0063,Low,0,0,max_hospital_stay,54080,0.0,0.0
PRV57014,0.0063,Low,0,0,total_claim_amount,17170,0.0,0.0
PRV52921,0.0062,Low,0,0,total_claim_amount,27450,6.0,0.065
PRV54809,0.0062,Low,0,0,total_claim_amount,21170,0.0,0.0
PRV56528,0.0062,Low,0,0,total_claim_amount,2400,0.0,0.0
PRV52255,0.0061,Low,0,0,total_claim_amount,720,0.0,0.0
PRV53816,0.0061,Low,0,0,max_hospital_stay,57210,0.0,0.0
PRV54908,0.0061,Low,0,0,total_claim_amount,34230,0.0,0.0
PRV53326,0.0061,Low,0,0,total_claim_amount,31950,0.0,0.0
PRV53064,0.0061,Low,0,0,total_claim_amount,6640,0.0,0.0
PRV55120,0.006,Low,0,0,max_hospital_stay,58200,6.0,0.889
PRV51204,0.006,Low,0,0,max_hospital_stay,155180,0.0,0.0
PRV55876,0.006,Low,0,0,total_claim_amount,4380,0.0,0.0
PRV53784,0.0059,Low,0,0,total_claim_amount,5870,0.0,0.0
PRV56601,0.0059,Low,0,0,total_claim_amount,11510,9.0,0.03
PRV52912,0.0059,Low,0,0,total_claim_amount,14640,4.0,0.062
PRV53968,0.0059,Low,0,0,total_claim_amount,6600,0.0,0.0
PRV53336,0.0058,Low,0,0,max_hospital_stay,34000,10.0,1.0
PRV56884,0.0058,Low,0,0,total_claim_amount,1440,0.0,0.0
PRV54502,0.0058,Low,0,0,claims_per_patient,55000,15.0,1.0
PRV52211,0.0057,Low,0,0,total_claim_amount,26860,0.0,0.0
PRV53262,0.0057,Low,0,0,total_claim_amount,45250,0.0,0.0
PRV55699,0.0056,Low,0,0,total_claim_amount,22960,3.0,0.033
PRV57253,0.0056,Low,0,0,total_claim_amount,10910,0.0,0.0
PRV54410,0.0056,Low,0,0,total_claim_amount,10350,0.0,0.0
PRV52480,0.0055,Low,0,0,max_hospital_stay,44350,6.0,0.167
PRV54012,0.0054,Low,0,0,total_claim_amount,3800,0.0,0.0
PRV55637,0.0054,Low,0,0,total_claim_amount,300,0.0,0.0
PRV55081,0.0053,Low,0,0,total_claim_amount,6950,0.0,0.0
PRV53362,0.0053,Low,0,0,total_claim_amount,13220,0.0,0.0
PRV57477,0.0053,Low,0,0,total_claim_amount,22740,0.0,0.0
PRV51364,0.0053,Low,0,0,max_hospital_stay,55830,5.0,0.261
PRV52373,0.0052,Low,0,0,max_hospital_stay,43710,5.0,0.13
PRV56200,0.0052,Low,0,0,total_claim_amount,12600,0.0,0.0
PRV55408,0.0051,Low,0,0,total_claim_amount,5160,0.0,0.0
PRV57235,0.0051,Low,0,0,total_claim_amount,27410,8.0,0.2
PRV57144,0.005,Low,0,0,max_hospital_stay,70000,11.0,1.0
PRV57541,0.005,Low,0,0,total_claim_amount,9750,0.0,0.0
PRV54038,0.005,Low,0,0,total_claim_amount,5840,0.0,0.0
PRV57426,0.0049,Low,0,0,total_claim_amount,16240,0.0,0.0
PRV53035,0.0049,Low,0,0,total_claim_amount,5140,0.0,0.0
PRV52145,0.0049,Low,0,0,claims_per_patient,60910,0.0,0.0
PRV51716,0.0048,Low,0,0,total_claim_amount,23030,0.0,0.0
PRV52905,0.0047,Low,0,0,total_claim_amount,25440,0.0,0.0
PRV51201,0.0047,Low,0,0,total_claim_amount,10660,0.0,0.0
PRV52294,0.0046,Low,0,0,claims_per_patient,54000,9.0,1.0
PRV52390,0.0046,Low,0,0,total_claim_amount,6400,0.0,0.0
PRV56637,0.0046,Low,0,0,total_claim_amount,40250,0.0,0.0
PRV55785,0.0045,Low,0,0,total_claim_amount,4570,0.0,0.0
PRV56546,0.0045,Low,0,0,claims_per_patient,80000,12.0,1.0
PRV55901,0.0044,Low,0,0,total_claim_amount,25300,0.0,0.0
PRV54887,0.0044,Low,0,0,max_hospital_stay,48780,0.0,0.0
PRV55073,0.0043,Low,0,0,total_claim_amount,6570,0.0,0.0
PRV52391,0.0043,Low,0,0,total_claim_amount,9030,0.0,0.0
PRV51994,0.0043,Low,0,0,total_claim_amount,11780,0.0,0.0
PRV56945,0.0043,Low,0,0,total_claim_amount,21400,0.0,0.0
PRV53532,0.0043,Low,0,0,total_claim_amount,2230,0.0,0.0
PRV54186,0.0043,Low,0,0,total_claim_amount,1730,0.0,0.0
PRV57046,0.0042,Low,0,0,total_claim_amount,28790,0.0,0.0
PRV53095,0.0042,Low,0,0,max_hospital_stay,36100,9.0,0.5
PRV52341,0.0042,Low,0,0,total_claim_amount,45450,0.0,0.0
PRV54776,0.0042,Low,0,0,total_claim_amount,37450,3.0,0.135
PRV54976,0.0041,Low,0,0,total_claim_amount,19940,0.0,0.0
PRV54092,0.0041,Low,0,0,max_hospital_stay,141550,0.0,0.0
PRV56517,0.0041,Low,0,0,total_claim_amount,38170,0.0,0.0
PRV56237,0.004,Low,0,0,total_claim_amount,35030,0.0,0.0
PRV54836,0.004,Low,0,0,total_claim_amount,3400,0.0,0.0
PRV55595,0.004,Low,0,0,total_claim_amount,2610,0.0,0.0
PRV55614,0.004,Low,0,0,total_claim_amount,29530,0.0,0.0
PRV53511,0.004,Low,0,0,total_claim_amount,0,5.0,1.0
PRV54684,0.004,Low,0,0,total_claim_amount,43360,0.0,0.0
PRV52197,0.004,Low,0,0,max_hospital_stay,114000,17.0,1.0
PRV55501,0.004,Low,0,0,total_claim_amount,12940,4.0,0.077
PRV51828,0.004,Low,0,0,max_hospital_stay,111000,10.0,1.0
PRV55260,0.004,Low,0,0,total_claim_amount,22310,0.0,0.0
PRV55398,0.0039,Low,0,0,total_claim_amount,1430,0.0,0.0
PRV52807,0.0039,Low,0,0,total_claim_amount,17000,6.0,1.0
PRV54747,0.0039,Low,0,0,total_claim_amount,5420,0.0,0.0
PRV51884,0.0039,Low,0,0,claims_per_patient,84530,16.0,0.114
PRV56247,0.0038,Low,0,0,total_claim_amount,20410,2.0,0.077
PRV54662,0.0038,Low,0,0,total_claim_amount,25590,10.0,0.067
PRV56931,0.0038,Low,0,0,total_claim_amount,6610,0.0,0.0
PRV55769,0.0038,Low,0,0,total_claim_amount,18000,7.0,0.133
PRV52801,0.0037,Low,0,0,total_claim_amount,10510,0.0,0.0
PRV55140,0.0037,Low,0,0,max_hospital_stay,85000,11.0,1.0
PRV56903,0.0037,Low,0,0,max_hospital_stay,57000,12.0,1.0
PRV54027,0.0037,Low,0,0,total_claim_amount,1390,0.0,0.0
PRV55481,0.0036,Low,0,0,total_claim_amount,20310,1.0,0.019
PRV57100,0.0036,Low,0,0,total_claim_amount,7580,0.0,0.0
PRV52996,0.0036,Low,0,0,total_claim_amount,11510,0.0,0.0
PRV55178,0.0036,Low,0,0,total_claim_amount,18510,4.0,0.065
PRV56813,0.0036,Low,0,0,total_claim_amount,33940,0.0,0.0
PRV52225,0.0036,Low,0,0,total_claim_amount,840,0.0,0.0
PRV51083,0.0036,Low,0,0,total_claim_amount,18100,0.0,0.0
PRV53553,0.0035,Low,0,0,total_claim_amount,7060,0.0,0.0
PRV53325,0.0035,Low,0,0,total_claim_amount,12890,0.0,0.0
PRV57756,0.0035,Low,0,0,total_claim_amount,3790,0.0,0.0
PRV53303,0.0034,Low,0,0,total_claim_amount,35770,0.0,0.0
PRV52435,0.0034,Low,0,0,total_claim_amount,20420,0.0,0.0
PRV54878,0.0034,Low,0,0,total_claim_amount,9240,1.0,0.062
PRV53530,0.0034,Low,0,0,total_claim_amount,6940,0.0,0.0
PRV54334,0.0034,Low,0,0,total_claim_amount,22590,0.0,0.0
PRV51931,0.0034,Low,0,0,total_claim_amount,18430,3.0,0.022
PRV56519,0.0033,Low,0,0,max_hospital_stay,69000,8.0,1.0
PRV53044,0.0033,Low,0,0,total_claim_amount,14460,0.0,0.0
PRV56915,0.0033,Low,0,0,claims_per_patient,30900,13.0,1.0
PRV55111,0.0033,Low,0,0,total_claim_amount,4070,0.0,0.0
PRV52830,0.0032,Low,0,0,total_claim_amount,7250,0.0,0.0
PRV52963,0.0032,Low,0,0,total_claim_amount,850,0.0,0.0
PRV55252,0.0032,Low,0,0,total_claim_amount,14220,0.0,0.0
PRV51793,0.0032,Low,0,0,total_claim_amount,5000,0.0,0.0
PRV55207,0.0031,Low,0,0,total_claim_amount,41510,0.0,0.0
PRV57651,0.0031,Low,0,0,total_claim_amount,3180,0.0,0.0
PRV55300,0.0031,Low,0,0,total_claim_amount,8320,0.0,0.0
PRV51558,0.0031,Low,0,0,total_claim_amount,25870,6.0,0.192
PRV53644,0.0031,Low,0,0,total_claim_amount,4640,0.0,0.0
PRV56688,0.0031,Low,0,0,total_claim_amount,7860,0.0,0.0
PRV57560,0.0031,Low,0,0,total_claim_amount,9000,2.0,0.5
PRV51552,0.0031,Low,0,0,max_hospital_stay,94040,6.0,0.161
PRV55566,0.0031,Low,0,0,total_claim_amount,17310,0.0,0.0
PRV55326,0.0031,Low,0,0,total_claim_amount,11700,0.0,0.0
PRV53315,0.0031,Low,0,0,total_claim_amount,8340,0.0,0.0
PRV54142,0.003,Low,0,0,total_claim_amount,9940,0.0,0.0
PRV55036,0.003,Low,0,0,total_claim_amount,14760,0.0,0.0
PRV56537,0.003,Low,0,0,total_claim_amount,22710,0.0,0.0
PRV51923,0.003,Low,0,0,total_claim_amount,1040,0.0,0.0
PRV53354,0.003,Low,0,0,total_claim_amount,5120,0.0,0.0
PRV52249,0.0029,Low,0,0,total_claim_amount,25480,0.0,0.0
PRV54713,0.0029,Low,0,0,total_claim_amount,1770,0.0,0.0
PRV54345,0.0029,Low,0,0,max_hospital_stay,47280,0.0,0.0
PRV51843,0.0029,Low,0,0,total_claim_amount,18810,0.0,0.0
PRV51733,0.0029,Low,0,0,total_claim_amount,70,0.0,0.0
PRV54486,0.0029,Low,0,0,total_claim_amount,8010,0.0,0.0
PRV53551,0.0029,Low,0,0,total_claim_amount,11220,0.0,0.0
PRV55735,0.0029,Low,0,0,total_claim_amount,32230,0.0,0.0
PRV56771,0.0029,Low,0,0,total_claim_amount,460,0.0,0.0
PRV55627,0.0028,Low,0,0,total_claim_amount,5980,0.0,0.0
PRV51200,0.0028,Low,0,0,total_claim_amount,4420,0.0,0.0
PRV51330,0.0028,Low,0,0,total_claim_amount,3810,0.0,0.0
PRV55936,0.0028,Low,0,0,total_claim_amount,5750,0.0,0.0
PRV55335,0.0028,Low,0,0,total_claim_amount,1760,0.0,0.0
PRV56209,0.0028,Low,0,0,max_hospital_stay,57370,0.0,0.0
PRV53698,0.0028,Low,0,0,total_claim_amount,30550,0.0,0.0
PRV54148,0.0028,Low,0,0,total_claim_amount,90,0.0,0.0
PRV54902,0.0028,Low,0,0,total_claim_amount,9840,2.0,0.062
PRV52606,0.0028,Low,0,0,total_claim_amount,10020,0.0,0.0
PRV57072,0.0027,Low,0,0,max_hospital_stay,30000,9.0,1.0
PRV55331,0.0027,Low,0,0,total_claim_amount,4700,0.0,0.0
PRV55307,0.0027,Low,0,0,total_claim_amount,24250,0.0,0.0
PRV53996,0.0027,Low,0,0,total_claim_amount,11390,6.0,0.4
PRV53255,0.0027,Low,0,0,total_claim_amount,7760,0.0,0.0
PRV55811,0.0027,Low,0,0,max_hospital_stay,41000,8.0,1.0
PRV51012,0.0026,Low,0,0,total_claim_amount,16890,0.0,0.0
PRV54217,0.0026,Low,0,0,total_claim_amount,5260,0.0,0.0
PRV57671,0.0026,Low,0,0,total_claim_amount,730,0.0,0.0
PRV51054,0.0026,Low,0,0,total_claim_amount,15130,0.0,0.0
PRV54362,0.0025,Low,0,0,total_claim_amount,14510,0.0,0.0
PRV54578,0.0025,Low,0,0,total_claim_amount,24130,0.0,0.0
PRV53229,0.0025,Low,0,0,total_claim_amount,29840,0.0,0.0
PRV55045,0.0025,Low,0,0,total_claim_amount,27630,0.0,0.0
PRV53337,0.0025,Low,0,0,total_claim_amount,1620,0.0,0.0
PRV56275,0.0025,Low,0,0,total_claim_amount,24690,0.0,0.0
PRV56304,0.0024,Low,0,0,total_claim_amount,12660,0.0,0.0
PRV57720,0.0024,Low,0,0,total_claim_amount,4670,0.0,0.0
PRV54553,0.0024,Low,0,0,total_claim_amount,3740,0.0,0.0
PRV55668,0.0024,Low,0,0,claims_per_patient,47000,8.0,1.0
PRV57552,0.0024,Low,0,0,total_claim_amount,2340,0.0,0.0
PRV53204,0.0024,Low,0,0,total_claim_amount,3020,0.0,0.0
PRV57706,0.0024,Low,0,0,total_claim_amount,3040,0.0,0.0
PRV56045,0.0024,Low,0,0,total_claim_amount,27980,0.0,0.0
PRV56673,0.0024,Low,0,0,max_hospital_stay,42640,3.0,0.5
PRV54275,0.0024,Low,0,0,total_claim_amount,50,0.0,0.0
PRV56729,0.0024,Low,0,0,max_hospital_stay,70080,0.0,0.0
PRV53970,0.0023,Low,0,0,max_hospital_stay,65200,6.0,0.75
PRV55921,0.0023,Low,0,0,total_claim_amount,21140,0.0,0.0
PRV56113,0.0023,Low,0,0,total_claim_amount,16260,0.0,0.0
PRV55243,0.0023,Low,0,0,max_hospital_stay,66230,0.0,0.0
PRV57432,0.0023,Low,0,0,total_claim_amount,13420,0.0,0.0
PRV52787,0.0023,Low,0,0,max_hospital_stay,67000,7.0,1.0
PRV53824,0.0022,Low,0,0,total_claim_amount,35580,0.0,0.0
PRV57130,0.0022,Low,0,0,total_claim_amount,260,0.0,0.0
PRV53471,0.0022,Low,0,0,total_claim_amount,25720,0.0,0.032
PRV55644,0.0022,Low,0,0,total_claim_amount,5060,0.0,0.0
PRV56590,0.0022,Low,0,0,total_claim_amount,10410,0.0,0.0
PRV56992,0.0022,Low,0,0,total_claim_amount,100,0.0,0.0
PRV51831,0.0022,Low,0,0,max_hospital_stay,28000,6.0,1.0
PRV51799,0.0022,Low,0,0,total_claim_amount,730,0.0,0.0
PRV53052,0.0022,Low,0,0,total_claim_amount,5530,3.0,0.111
PRV51209,0.0022,Low,0,0,total_claim_amount,9910,0.0,0.0
PRV54008,0.0021,Low,0,0,total_claim_amount,12860,0.0,0.0
PRV51707,0.0021,Low,0,0,total_claim_amount,270,0.0,0.0
PRV56888,0.0021,Low,0,0,total_claim_amount,6050,0.0,0.0
PRV56464,0.0021,Low,0,0,total_claim_amount,14920,0.0,0.0
PRV52728,0.0021,Low,0,0,total_claim_amount,3140,0.0,0.0
PRV51922,0.0021,Low,0,0,total_claim_amount,5090,0.0,0.0
PRV53214,0.0021,Low,0,0,total_claim_amount,4280,0.0,0.0
PRV57759,0.0021,Low,0,0,total_claim_amount,10640,0.0,0.0
PRV51143,0.0021,Low,0,0,total_claim_amount,20450,0.0,0.0
PRV53180,0.0021,Low,0,0,total_claim_amount,3010,0.0,0.0
PRV52615,0.0021,Low,0,0,total_claim_amount,18770,5.0,0.222
PRV57010,0.0021,Low,0,0,total_claim_amount,24130,0.0,0.0
PRV55446,0.002,Low,0,0,total_claim_amount,23140,0.0,0.0
PRV51288,0.002,Low,0,0,max_hospital_stay,37360,5.0,0.375
PRV51181,0.002,Low,0,0,total_claim_amount,2150,0.0,0.0
PRV53469,0.002,Low,0,0,total_claim_amount,7460,0.0,0.0
PRV55582,0.002,Low,0,0,total_claim_amount,7870,0.0,0.0
PRV52507,0.002,Low,0,0,total_claim_amount,7250,0.0,0.0
PRV53066,0.002,Low,0,0,total_claim_amount,1220,0.0,0.0
PRV52882,0.002,Low,0,0,total_claim_amount,14960,0.0,0.0
PRV52581,0.002,Low,0,0,total_claim_amount,40050,0.0,0.0
PRV52282,0.002,Low,0,0,max_hospital_stay,77000,10.0,1.0
PRV52587,0.002,Low,0,0,total_claim_amount,38900,0.0,0.0
PRV53323,0.002,Low,0,0,total_claim_amount,2920,0.0,0.0
PRV57239,0.002,Low,0,0,total_claim_amount,6180,0.0,0.0
PRV51041,0.002,Low,0,0,total_claim_amount,7410,0.0,0.0
PRV54380,0.002,Low,0,0,total_claim_amount,16940,14.0,0.167
PRV57748,0.0019,Low,0,0,total_claim_amount,16000,0.0,0.0
PRV57302,0.0019,Low,0,0,total_claim_amount,14160,5.0,0.5
PRV55770,0.0019,Low,0,0,total_claim_amount,1870,0.0,0.0
PRV52937,0.0019,Low,0,0,total_claim_amount,6030,0.0,0.0
PRV57110,0.0019,Low,0,0,total_claim_amount,16830,11.0,0.053
PRV56021,0.0019,Low,0,0,total_claim_amount,39920,0.0,0.0
PRV55854,0.0019,Low,0,0,total_claim_amount,2460,0.0,0.0
PRV54416,0.0019,Low,0,0,total_claim_amount,7880,0.0,0.0
PRV53525,0.0019,Low,0,0,total_claim_amount,700,0.0,0.0
PRV56585,0.0019,Low,0,0,total_claim_amount,25090,10.0,0.571
PRV53599,0.0019,Low,0,0,total_claim_amount,22000,11.0,1.0
PRV55807,0.0019,Low,0,0,total_claim_amount,6080,0.0,0.0
PRV53726,0.0018,Low,0,0,total_claim_amount,3710,0.0,0.0
PRV57139,0.0018,Low,0,0,total_claim_amount,5750,0.0,0.0
PRV54748,0.0018,Low,0,0,total_claim_amount,32110,0.0,0.0
PRV57479,0.0018,Low,0,0,total_claim_amount,7220,0.0,0.0
PRV57520,0.0017,Low,0,0,total_claim_amount,5740,0.0,0.0
PRV57436,0.0017,Low,0,0,total_claim_amount,10950,0.0,0.0
PRV54107,0.0017,Low,0,0,total_claim_amount,44080,0.0,0.0
PRV54201,0.0017,Low,0,0,total_claim_amount,19600,12.0,1.0
PRV53716,0.0017,Low,0,0,total_claim_amount,7400,0.0,0.0
PRV56930,0.0017,Low,0,0,total_claim_amount,6680,0.0,0.0
PRV51171,0.0017,Low,0,0,total_claim_amount,13820,0.0,0.0
PRV56164,0.0017,Low,0,0,total_claim_amount,5570,0.0,0.0
PRV53614,0.0017,Low,0,0,total_claim_amount,25710,0.0,0.0
PRV54473,0.0017,Low,0,0,total_claim_amount,11020,0.0,0.0
PRV53640,0.0017,Low,0,0,total_claim_amount,5660,0.0,0.0
PRV54517,0.0017,Low,0,0,total_claim_amount,5660,0.0,0.0
PRV54900,0.0017,Low,0,0,total_claim_amount,3490,0.0,0.0
PRV55563,0.0016,Low,0,0,total_claim_amount,4690,0.0,0.0
PRV51236,0.0016,Low,0,0,total_claim_amount,12000,1.0,1.0
PRV55261,0.0016,Low,0,0,total_claim_amount,4780,0.0,0.0
PRV54963,0.0016,Low,0,0,total_claim_amount,29770,3.0,0.015
PRV51477,0.0016,Low,0,0,total_claim_amount,9940,0.0,0.0
PRV54278,0.0016,Low,0,0,total_claim_amount,19690,0.0,0.0
PRV53849,0.0016,Low,0,0,total_claim_amount,2930,0.0,0.0
PRV55218,0.0016,Low,0,0,total_claim_amount,20910,0.0,0.0
PRV55447,0.0016,Low,0,0,total_claim_amount,22990,0.0,0.0
PRV53723,0.0016,Low,0,0,total_claim_amount,3900,0.0,0.0
PRV55338,0.0016,Low,0,0,total_claim_amount,8790,0.0,0.0
PRV52793,0.0016,Low,0,0,total_claim_amount,4230,0.0,0.0
PRV51963,0.0016,Low,0,0,total_claim_amount,13630,0.0,0.0
PRV55862,0.0016,Low,0,0,total_claim_amount,3230,0.0,0.0
PRV53766,0.0016,Low,0,0,total_claim_amount,4860,0.0,0.0
PRV52046,0.0015,Low,0,0,total_claim_amount,28190,0.0,0.0
PRV55318,0.0015,Low,0,0,total_claim_amount,26300,0.0,0.0
PRV52818,0.0015,Low,0,0,total_claim_amount,9730,0.0,0.0
PRV55283,0.0015,Low,0,0,total_claim_amount,12390,0.0,0.0
PRV53213,0.0015,Low,0,0,total_claim_amount,6910,0.0,0.0
PRV55560,0.0015,Low,0,0,total_claim_amount,5170,0.0,0.0
PRV55244,0.0015,Low,0,0,total_claim_amount,7500,0.0,0.0
PRV52416,0.0015,Low,0,0,total_claim_amount,9650,0.0,0.0
PRV51704,0.0015,Low,0,0,total_claim_amount,600,0.0,0.0
PRV51745,0.0014,Low,0,0,total_claim_amount,2290,0.0,0.0
PRV52484,0.0014,Low,0,0,total_claim_amount,1570,0.0,0.0
PRV55372,0.0014,Low,0,0,total_claim_amount,2620,0.0,0.0
PRV53484,0.0014,Low,0,0,total_claim_amount,16720,0.0,0.0
PRV57278,0.0014,Low,0,0,total_claim_amount,950,0.0,0.0
PRV54730,0.0014,Low,0,0,total_claim_amount,9450,0.0,0.0
PRV56394,0.0014,Low,0,0,total_claim_amount,15920,0.0,0.0
PRV54344,0.0014,Low,0,0,total_claim_amount,17170,0.0,0.0
PRV56965,0.0014,Low,0,0,total_claim_amount,650,0.0,0.0
PRV53072,0.0014,Low,0,0,total_claim_amount,4990,0.0,0.0
PRV51856,0.0014,Low,0,0,total_claim_amount,31500,0.0,0.0
PRV57623,0.0014,Low,0,0,total_claim_amount,940,0.0,0.0
PRV51977,0.0014,Low,0,0,total_claim_amount,8000,3.0,1.0
PRV55093,0.0014,Low,0,0,total_claim_amount,3380,0.0,0.0
PRV51988,0.0014,Low,0,0,total_claim_amount,12230,0.0,0.0
PRV53581,0.0014,Low,0,0,total_claim_amount,990,0.0,0.0
PRV55562,0.0013,Low,0,0,total_claim_amount,2950,0.0,0.0
PRV54871,0.0013,Low,0,0,total_claim_amount,3260,0.0,0.0
PRV54596,0.0013,Low,0,0,total_claim_amount,16490,0.0,0.0
PRV53513,0.0013,Low,0,0,total_claim_amount,18000,5.0,1.0
PRV51781,0.0013,Low,0,0,total_claim_amount,3000,0.0,0.0
PRV53767,0.0013,Low,0,0,total_claim_amount,4130,0.0,0.0
PRV55329,0.0013,Low,0,0,total_claim_amount,360,0.0,0.0
PRV52878,0.0013,Low,0,0,total_claim_amount,11700,0.0,0.0
PRV55173,0.0013,Low,0,0,total_claim_amount,8350,0.0,0.0
PRV56739,0.0013,Low,0,0,total_claim_amount,11150,3.0,0.2
PRV56206,0.0013,Low,0,0,total_claim_amount,6240,0.0,0.0
PRV54664,0.0013,Low,0,0,total_claim_amount,1200,0.0,0.0
PRV53304,0.0013,Low,0,0,max_hospital_stay,59670,7.0,0.154
PRV55161,0.0013,Low,0,0,max_hospital_stay,28000,2.0,1.0
PRV57660,0.0013,Low,0,0,total_claim_amount,2420,0.0,0.0
PRV52257,0.0013,Low,0,0,total_claim_amount,4440,0.0,0.0
PRV53560,0.0013,Low,0,0,total_claim_amount,6960,0.0,0.0
PRV56177,0.0012,Low,0,0,total_claim_amount,2600,0.0,0.0
PRV52161,0.0012,Low,0,0,total_claim_amount,1660,0.0,0.0
PRV57038,0.0012,Low,0,0,total_claim_amount,6310,0.0,0.0
PRV55656,0.0012,Low,0,0,total_claim_amount,10170,0.0,0.0
PRV55404,0.0012,Low,0,0,total_claim_amount,2420,0.0,0.0
PRV57272,0.0012,Low,0,0,total_claim_amount,8770,0.0,0.0
PRV54758,0.0012,Low,0,0,total_claim_amount,25690,0.0,0.0
PRV55574,0.0012,Low,0,0,total_claim_amount,2340,0.0,0.0
PRV57598,0.0012,Low,0,0,total_claim_amount,2890,0.0,0.0
PRV55648,0.0012,Low,0,0,total_claim_amount,80,0.0,0.0
PRV54508,0.0012,Low,0,0,total_claim_amount,33010,0.0,0.0
PRV51341,0.0012,Low,0,0,total_claim_amount,14530,0.0,0.0
PRV53547,0.0012,Low,0,0,total_claim_amount,6850,0.0,0.0
PRV51511,0.0012,Low,0,0,total_claim_amount,8760,0.0,0.0
PRV51981,0.0011,Low,0,0,total_claim_amount,18000,5.0,1.0
PRV55070,0.0011,Low,0,0,total_claim_amount,3220,0.0,0.0
PRV55671,0.0011,Low,0,0,total_claim_amount,16000,11.0,1.0
PRV56034,0.0011,Low,0,0,total_claim_amount,1530,0.0,0.0
PRV55801,0.0011,Low,0,0,total_claim_amount,70,0.0,0.0
PRV55754,0.0011,Low,0,0,total_claim_amount,5210,0.0,0.0
PRV56165,0.0011,Low,0,0,total_claim_amount,12810,0.0,0.0
PRV52412,0.0011,Low,0,0,total_claim_amount,20340,0.0,0.0
PRV56339,0.0011,Low,0,0,total_claim_amount,9000,3.0,1.0
PRV51691,0.0011,Low,0,0,total_claim_amount,26790,0.0,0.0
PRV54697,0.0011,Low,0,0,total_claim_amount,10880,5.0,0.125
PRV55224,0.0011,Low,0,0,total_claim_amount,5800,0.0,0.0
PRV54127,0.0011,Low,0,0,total_claim_amount,9100,0.0,0.0
PRV54389,0.001,Low,0,0,total_claim_amount,25590,0.0,0.0
PRV51179,0.001,Low,0,0,total_claim_amount,5000,0.0,0.0
PRV57563,0.001,Low,0,0,total_claim_amount,830,0.0,0.0
PRV57707,0.001,Low,0,0,total_claim_amount,70,0.0,0.0
PRV52008,0.001,Low,0,0,total_claim_amount,4830,0.0,0.0
PRV52551,0.001,Low,0,0,total_claim_amount,920,0.0,0.0
PRV54250,0.001,Low,0,0,total_claim_amount,22530,0.0,0.0
PRV55493,0.001,Low,0,0,total_claim_amount,6270,0.0,0.0
PRV53783,0.001,Low,0,0,total_claim_amount,6640,0.0,0.0
PRV54780,0.001,Low,0,0,total_claim_amount,4950,0.0,0.0
PRV54233,0.001,Low,0,0,total_claim_amount,6350,2.0,0.143
PRV53237,0.001,Low,0,0,total_claim_amount,1230,0.0,0.0
PRV54550,0.001,Low,0,0,total_claim_amount,5550,0.0,0.0
PRV51555,0.001,Low,0,0,total_claim_amount,2910,0.0,0.0
PRV51194,0.001,Low,0,0,total_claim_amount,18540,5.0,0.222
PRV56894,0.001,Low,0,0,total_claim_amount,4360,0.0,0.0
PRV57264,0.001,Low,0,0,total_claim_amount,2760,0.0,0.0
PRV55314,0.001,Low,0,0,total_claim_amount,25040,0.0,0.0
PRV51896,0.001,Low,0,0,total_claim_amount,530,0.0,0.0
PRV56905,0.001,Low,0,0,total_claim_amount,6080,0.0,0.0
PRV52616,0.001,Low,0,0,total_claim_amount,8640,0.0,0.0
PRV55530,0.001,Low,0,0,total_claim_amount,17730,0.0,0.0
PRV55875,0.001,Low,0,0,total_claim_amount,4450,0.0,0.0
PRV57712,0.001,Low,0,0,total_claim_amount,11770,2.0,0.222
PRV53426,0.0009,Low,0,0,total_claim_amount,1480,0.0,0.0
PRV53945,0.0009,Low,0,0,total_claim_amount,15300,0.0,0.0
PRV57447,0.0009,Low,0,0,total_claim_amount,4240,0.0,0.0
PRV51732,0.0009,Low,0,0,total_claim_amount,6960,0.0,0.0
PRV55353,0.0009,Low,0,0,total_claim_amount,2970,0.0,0.0
PRV51327,0.0009,Low,0,0,total_claim_amount,8990,0.0,0.0
PRV51494,0.0009,Low,0,0,total_claim_amount,17450,0.0,0.0
PRV51029,0.0009,Low,0,0,total_claim_amount,30660,0.0,0.0
PRV56308,0.0009,Low,0,0,total_claim_amount,5030,0.0,0.0
PRV56852,0.0009,Low,0,0,total_claim_amount,1960,0.0,0.0
PRV53020,0.0009,Low,0,0,total_claim_amount,4500,0.0,0.0
PRV54938,0.0009,Low,0,0,total_claim_amount,25530,0.0,0.0
PRV57539,0.0009,Low,0,0,total_claim_amount,10630,0.0,0.0
PRV53703,0.0009,Low,0,0,total_claim_amount,6160,0.0,0.0
PRV53752,0.0009,Low,0,0,total_claim_amount,11840,0.0,0.0
PRV57052,0.0009,Low,0,0,total_claim_amount,7720,0.0,0.0
PRV57561,0.0009,Low,0,0,total_claim_amount,16810,6.0,0.059
PRV55538,0.0009,Low,0,0,total_claim_amount,80,0.0,0.0
PRV55779,0.0009,Low,0,0,total_claim_amount,2530,0.0,0.0
PRV55610,0.0009,Low,0,0,total_claim_amount,1700,0.0,0.0
PRV53187,0.0009,Low,0,0,total_claim_amount,180,0.0,0.0
PRV56136,0.0009,Low,0,0,total_claim_amount,7120,3.0,0.125
PRV53113,0.0009,Low,0,0,total_claim_amount,19320,0.0,0.0
PRV56199,0.0009,Low,0,0,total_claim_amount,2600,0.0,0.0
PRV57327,0.0009,Low,0,0,total_claim_amount,190,0.0,0.0
PRV51316,0.0009,Low,0,0,total_claim_amount,21000,19.0,1.0
PRV51368,0.0008,Low,0,0,total_claim_amount,570,0.0,0.0
PRV52206,0.0008,Low,0,0,total_claim_amount,1810,0.0,0.0
PRV54672,0.0008,Low,0,0,total_claim_amount,4200,0.0,0.0
PRV54763,0.0008,Low,0,0,total_claim_amount,11770,0.0,0.0
PRV54827,0.0008,Low,0,0,total_claim_amount,2570,0.0,0.0
PRV55761,0.0008,Low,0,0,total_claim_amount,210,0.0,0.0
PRV51746,0.0008,Low,0,0,total_claim_amount,10490,0.0,0.0
PRV56476,0.0008,Low,0,0,total_claim_amount,6700,6.0,0.25
PRV53341,0.0008,Low,0,0,total_claim_amount,4090,0.0,0.0
PRV52747,0.0008,Low,0,0,total_claim_amount,7520,0.0,0.0
PRV57213,0.0008,Low,0,0,total_claim_amount,34040,0.0,0.0
PRV57115,0.0008,Low,0,0,total_claim_amount,14050,2.0,0.083
PRV53801,0.0008,Low,0,0,total_claim_amount,26260,0.0,0.0
PRV56538,0.0008,Low,0,0,total_claim_amount,4480,0.0,0.0
PRV54830,0.0008,Low,0,0,total_claim_amount,13810,8.0,0.091
PRV55238,0.0008,Low,0,0,total_claim_amount,39250,0.0,0.0
PRV52022,0.0008,Low,0,0,total_claim_amount,17770,0.0,0.0
PRV52825,0.0008,Low,0,0,total_claim_amount,5870,0.0,0.0
PRV57657,0.0008,Low,0,0,total_claim_amount,15930,0.0,0.0
PRV51645,0.0008,Low,0,0,total_claim_amount,280,0.0,0.0
PRV52596,0.0008,Low,0,0,total_claim_amount,400,0.0,0.0
PRV55798,0.0008,Low,0,0,total_claim_amount,3060,0.0,0.0
PRV53779,0.0008,Low,0,0,total_claim_amount,12430,0.0,0.0
PRV55110,0.0008,Low,0,0,total_claim_amount,9960,0.0,0.0
PRV51734,0.0008,Low,0,0,total_claim_amount,7900,0.0,0.0
PRV52289,0.0008,Low,0,0,total_claim_amount,18000,4.0,1.0
PRV56166,0.0008,Low,0,0,total_claim_amount,8720,2.0,0.25
PRV56086,0.0008,Low,0,0,total_claim_amount,4280,0.0,0.0
PRV51787,0.0008,Low,0,0,total_claim_amount,150,0.0,0.0
PRV51075,0.0008,Low,0,0,total_claim_amount,8550,0.0,0.0
PRV54135,0.0008,Low,0,0,total_claim_amount,260,0.0,0.0
PRV56839,0.0008,Low,0,0,total_claim_amount,17870,4.0,0.167
PRV52555,0.0008,Low,0,0,total_claim_amount,3600,0.0,0.0
PRV56908,0.0007,Low,0,0,total_claim_amount,5060,0.0,0.5
PRV54026,0.0007,Low,0,0,total_claim_amount,2420,0.0,0.0
PRV57741,0.0007,Low,0,0,total_claim_amount,2290,0.0,0.0
PRV55044,0.0007,Low,0,0,total_claim_amount,1070,0.0,0.0
PRV51351,0.0007,Low,0,0,total_claim_amount,10840,0.0,0.0
PRV54701,0.0007,Low,0,0,total_claim_amount,1310,0.0,0.0
PRV52219,0.0007,Low,0,0,total_claim_amount,2780,0.0,0.0
PRV51315,0.0007,Low,0,0,total_claim_amount,7210,0.0,0.0
PRV54589,0.0007,Low,0,0,total_claim_amount,1700,0.0,0.0
PRV53940,0.0007,Low,0,0,total_claim_amount,21890,0.0,0.0
PRV56313,0.0007,Low,0,0,total_claim_amount,100,0.0,0.0
PRV51601,0.0007,Low,0,0,total_claim_amount,3690,0.0,0.0
PRV53373,0.0007,Low,0,0,total_claim_amount,2210,0.0,0.0
PRV51235,0.0007,Low,0,0,total_claim_amount,10000,3.0,1.0
PRV52199,0.0007,Low,0,0,total_claim_amount,1080,0.0,0.0
PRV51191,0.0007,Low,0,0,total_claim_amount,10990,0.0,0.0
PRV55702,0.0007,Low,0,0,total_claim_amount,3640,0.0,0.0
PRV57758,0.0007,Low,0,0,total_claim_amount,110,0.0,0.0
PRV51778,0.0007,Low,0,0,total_claim_amount,250,0.0,0.0
PRV56101,0.0007,Low,0,0,total_claim_amount,5620,0.0,0.0
PRV55156,0.0007,Low,0,0,total_claim_amount,6000,5.0,1.0
PRV54360,0.0007,Low,0,0,total_claim_amount,9100,0.0,0.0
PRV53496,0.0007,Low,0,0,total_claim_amount,14660,0.0,0.0
PRV57329,0.0007,Low,0,0,total_claim_amount,11470,0.0,0.0
PRV55953,0.0007,Low,0,0,total_claim_amount,5630,0.0,0.0
PRV55414,0.0007,Low,0,0,total_claim_amount,13670,3.0,0.167
PRV56987,0.0007,Low,0,0,total_claim_amount,1210,0.0,0.0
PRV53549,0.0006,Low,0,0,total_claim_amount,450,0.0,0.0
PRV54407,0.0006,Low,0,0,total_claim_amount,2540,0.0,0.0
PRV52719,0.0006,Low,0,0,total_claim_amount,10840,0.0,0.0
PRV53506,0.0006,Low,0,0,total_claim_amount,500,0.0,0.0
PRV56801,0.0006,Low,0,0,total_claim_amount,8210,0.0,0.0
PRV52187,0.0006,Low,0,0,total_claim_amount,7440,0.0,0.0
PRV53815,0.0006,Low,0,0,total_claim_amount,1800,0.0,0.0
PRV53562,0.0006,Low,0,0,total_claim_amount,5890,0.0,0.0
PRV52473,0.0006,Low,0,0,total_claim_amount,3870,0.0,0.0
PRV51974,0.0006,Low,0,0,total_claim_amount,710,0.0,0.0
PRV54869,0.0006,Low,0,0,total_claim_amount,950,0.0,0.0
PRV57140,0.0006,Low,0,0,total_claim_amount,450,0.0,0.0
PRV54687,0.0006,Low,0,0,total_claim_amount,9390,0.0,0.0
PRV56331,0.0006,Low,0,0,total_claim_amount,10,0.0,0.0
PRV55096,0.0006,Low,0,0,total_claim_amount,5350,0.0,0.0
PRV56088,0.0006,Low,0,0,total_claim_amount,25150,0.0,0.0
PRV54595,0.0006,Low,0,0,total_claim_amount,7620,0.0,0.0
PRV51229,0.0006,Low,0,0,total_claim_amount,12410,0.0,0.0
PRV57413,0.0006,Low,0,0,total_claim_amount,18030,0.0,0.0
PRV52731,0.0006,Low,0,0,total_claim_amount,4410,0.0,0.0
PRV53788,0.0005,Low,0,0,total_claim_amount,3500,0.0,0.0
PRV52228,0.0005,Low,0,0,total_claim_amount,2400,0.0,0.0
PRV51215,0.0005,Low,0,0,total_claim_amount,1610,0.0,0.0
PRV53539,0.0005,Low,0,0,total_claim_amount,200,0.0,0.0
PRV54308,0.0005,Low,0,0,total_claim_amount,70,0.0,0.0
PRV53168,0.0005,Low,0,0,total_claim_amount,2070,0.0,0.0
PRV54708,0.0005,Low,0,0,total_claim_amount,2680,0.0,0.0
PRV54511,0.0005,Low,0,0,total_claim_amount,8690,0.0,0.0
PRV52799,0.0005,Low,0,0,total_claim_amount,150,0.0,0.0
PRV55076,0.0005,Low,0,0,total_claim_amount,770,0.0,0.0
PRV56797,0.0005,Low,0,0,total_claim_amount,1260,0.0,0.0
PRV55302,0.0005,Low,0,0,total_claim_amount,400,0.0,0.0
PRV55122,0.0005,Low,0,0,total_claim_amount,5000,3.0,1.0
PRV56946,0.0005,Low,0,0,total_claim_amount,120,0.0,0.0
PRV51719,0.0005,Low,0,0,total_claim_amount,4740,0.0,0.0
PRV56937,0.0005,Low,0,0,total_claim_amount,310,0.0,0.0
PRV53521,0.0005,Low,0,0,total_claim_amount,380,0.0,0.0
PRV55816,0.0005,Low,0,0,total_claim_amount,6000,2.0,1.0
PRV57687,0.0005,Low,0,0,total_claim_amount,1080,0.0,0.0
PRV54503,0.0005,Low,0,0,total_claim_amount,8000,8.0,1.0
PRV55584,0.0005,Low,0,0,total_claim_amount,600,0.0,0.0
PRV55766,0.0005,Low,0,0,total_claim_amount,300,0.0,0.0
PRV55063,0.0005,Low,0,0,total_claim_amount,660,0.0,0.0
PRV53173,0.0005,Low,0,0,total_claim_amount,16610,0.0,0.0
PRV56346,0.0005,Low,0,0,total_claim_amount,16050,0.0,0.0
PRV57119,0.0005,Low,0,0,total_claim_amount,1330,0.0,0.0
PRV52757,0.0005,Low,0,0,total_claim_amount,50,0.0,0.0
PRV56212,0.0005,Low,0,0,total_claim_amount,5360,0.0,0.0
PRV53658,0.0005,Low,0,0,total_claim_amount,3810,0.0,0.0
PRV54802,0.0005,Low,0,0,total_claim_amount,1770,0.0,0.0
PRV54581,0.0005,Low,0,0,total_claim_amount,2160,0.0,0.0
PRV53820,0.0004,Low,0,0,total_claim_amount,2450,0.0,0.0
PRV55767,0.0004,Low,0,0,total_claim_amount,80,0.0,0.0
PRV57570,0.0004,Low,0,0,total_claim_amount,430,0.0,0.0
PRV53947,0.0004,Low,0,0,total_claim_amount,430,0.0,0.0
PRV53642,0.0004,Low,0,0,total_claim_amount,3270,0.0,0.0
PRV57368,0.0004,Low,0,0,total_claim_amount,3500,0.0,0.0
PRV54608,0.0004,Low,0,0,total_claim_amount,10650,0.0,0.0
PRV51723,0.0004,Low,0,0,total_claim_amount,5340,0.0,0.0
PRV54945,0.0004,Low,0,0,total_claim_amount,5950,0.0,0.0
PRV55608,0.0004,Low,0,0,total_claim_amount,7400,0.0,0.0
PRV53821,0.0004,Low,0,0,total_claim_amount,1070,0.0,0.0
PRV53850,0.0004,Low,0,0,total_claim_amount,1720,0.0,0.0
PRV56999,0.0004,Low,0,0,total_claim_amount,2350,0.0,0.0
PRV54710,0.0004,Low,0,0,total_claim_amount,860,0.0,0.0
PRV55007,0.0004,Low,0,0,total_claim_amount,3330,0.0,0.0
PRV53212,0.0004,Low,0,0,total_claim_amount,100,0.0,0.0
PRV53548,0.0004,Low,0,0,total_claim_amount,250,0.0,0.0
PRV54457,0.0004,Low,0,0,total_claim_amount,2220,0.0,0.0
PRV54319,0.0004,Low,0,0,total_claim_amount,100,0.0,0.0
PRV56181,0.0004,Low,0,0,total_claim_amount,4550,0.0,0.0
PRV55879,0.0004,Low,0,0,total_claim_amount,90,0.0,0.0
PRV55106,0.0004,Low,0,0,total_claim_amount,3870,0.0,0.0
PRV55114,0.0004,Low,0,0,total_claim_amount,4480,0.0,0.0
PRV52756,0.0004,Low,0,0,total_claim_amount,220,0.0,0.0
PRV55946,0.0004,Low,0,0,total_claim_amount,22600,0.0,0.0
PRV57470,0.0004,Low,0,0,total_claim_amount,1610,0.0,0.0
PRV53501,0.0003,Low,0,0,total_claim_amount,300,0.0,0.0
PRV56080,0.0003,Low,0,0,total_claim_amount,250,0.0,0.0
PRV53479,0.0003,Low,0,0,total_claim_amount,390,0.0,0.0
PRV53927,0.0003,Low,0,0,total_claim_amount,3600,0.0,0.0
PRV53837,0.0003,Low,0,0,total_claim_amount,2490,0.0,0.0
PRV56484,0.0003,Low,0,0,total_claim_amount,6980,0.0,0.0
PRV56970,0.0003,Low,0,0,total_claim_amount,210,0.0,0.0
PRV54191,0.0003,Low,0,0,total_claim_amount,360,0.0,0.0
PRV53722,0.0003,Low,0,0,total_claim_amount,1000,0.0,0.0
PRV52726,0.0003,Low,0,0,total_claim_amount,380,0.0,0.0
PRV57277,0.0003,Low,0,0,total_claim_amount,1250,0.0,0.0
PRV51672,0.0003,Low,0,0,total_claim_amount,2270,0.0,0.0
PRV56344,0.0003,Low,0,0,total_claim_amount,3520,0.0,0.0
PRV52226,0.0003,Low,0,0,total_claim_amount,100,0.0,0.0
PRV52668,0.0003,Low,0,0,total_claim_amount,1850,0.0,0.0
PRV55154,0.0003,Low,0,0,total_claim_amount,900,0.0,0.0
PRV57138,0.0003,Low,0,0,total_claim_amount,3480,0.0,0.0
PRV53646,0.0003,Low,0,0,total_claim_amount,20,0.0,0.0
PRV56301,0.0003,Low,0,0,total_claim_amount,1030,0.0,0.0
PRV53369,0.0003,Low,0,0,total_claim_amount,90,0.0,0.0
PRV52758,0.0003,Low,0,0,total_claim_amount,130,0.0,0.0
PRV55581,0.0003,Low,0,0,total_claim_amount,70,0.0,0.0
PRV51709,0.0003,Low,0,0,total_claim_amount,1610,0.0,0.0
PRV51016,0.0003,Low,0,0,total_claim_amount,170,0.0,0.0
PRV56792,0.0003,Low,0,0,total_claim_amount,2460,0.0,0.0
PRV55539,0.0003,Low,0,0,total_claim_amount,2620,0.0,0.0
PRV55078,0.0003,Low,0,0,total_claim_amount,0,0.0,0.0
PRV54110,0.0003,Low,0,0,total_claim_amount,450,0.0,0.0
PRV55982,0.0003,Low,0,0,total_claim_amount,750,0.0,0.0
PRV56660,0.0003,Low,0,0,total_claim_amount,180,0.0,0.0
PRV56934,0.0003,Low,0,0,total_claim_amount,450,0.0,0.0
PRV56174,0.0003,Low,0,0,total_claim_amount,3550,3.0,0.1
PRV56633,0.0003,Low,0,0,total_claim_amount,600,0.0,0.0
PRV52733,0.0003,Low,0,0,total_claim_amount,30,0.0,0.0
PRV56115,0.0003,Low,0,0,total_claim_amount,290,0.0,0.0
PRV54432,0.0003,Low,0,0,total_claim_amount,1110,0.0,0.0
PRV56920,0.0003,Low,0,0,total_claim_amount,80,0.0,0.0
PRV52380,0.0003,Low,0,0,total_claim_amount,280,0.0,0.0
PRV54011,0.0003,Low,0,0,total_claim_amount,70,0.0,0.0
PRV53724,0.0002,Low,0,0,total_claim_amount,120,0.0,0.0
PRV52506,0.0002,Low,0,0,total_claim_amount,2190,0.0,0.0
PRV51117,0.0002,Low,0,0,total_claim_amount,1950,0.0,0.0
PRV57232,0.0002,Low,0,0,total_claim_amount,910,0.0,0.0
PRV51664,0.0002,Low,0,0,total_claim_amount,790,0.0,0.0
PRV51914,0.0002,Low,0,0,total_claim_amount,1680,0.0,0.0
PRV56267,0.0002,Low,0,0,total_claim_amount,350,0.0,0.0
PRV55364,0.0002,Low,0,0,total_claim_amount,80,0.0,0.0
PRV57747,0.0002,Low,0,0,total_claim_amount,110,0.0,0.0
PRV55617,0.0002,Low,0,0,total_claim_amount,260,0.0,0.0
PRV56699,0.0002,Low,0,0,total_claim_amount,550,0.0,0.0
PRV54865,0.0002,Low,0,0,total_claim_amount,610,0.0,0.0
PRV53034,0.0002,Low,0,0,total_claim_amount,3400,0.0,0.0
PRV52766,0.0002,Low,0,0,total_claim_amount,2010,0.0,0.0
PRV53605,0.0002,Low,0,0,total_claim_amount,7250,0.0,0.0
PRV51887,0.0002,Low,0,0,total_claim_amount,120,0.0,0.0
PRV52669,0.0002,Low,0,0,total_claim_amount,300,0.0,0.0
PRV52775,0.0002,Low,0,0,total_claim_amount,3790,0.0,0.0
PRV54794,0.0002,Low,0,0,total_claim_amount,450,0.0,0.0
PRV53172,0.0002,Low,0,0,total_claim_amount,2450,0.0,0.0
PRV51218,0.0002,Low,0,0,total_claim_amount,520,0.0,0.0
PRV51748,0.0002,Low,0,0,total_claim_amount,8060,0.0,0.0
PRV53829,0.0002,Low,0,0,total_claim_amount,5910,0.0,0.0
PRV54188,0.0002,Low,0,0,total_claim_amount,3060,0.0,0.0
PRV53169,0.0002,Low,0,0,total_claim_amount,170,0.0,0.0
PRV52783,0.0002,Low,0,0,total_claim_amount,70,0.0,0.0
PRV53978,1e-04,Low,0,0,total_claim_amount,100,0.0,0.0
PRV51918,1e-04,Low,0,0,total_claim_amount,50,0.0,0.0
PRV53842,1e-04,Low,0,0,total_claim_amount,2410,0.0,0.0
PRV57564,1e-04,Low,0,0,total_claim_amount,280,0.0,0.0
PRV57581,1e-04,Low,0,0,total_claim_amount,2370,0.0,0.0
PRV53704,1e-04,Low,0,0,total_claim_amount,2950,0.0,0.0
PRV57056,1e-04,Low,0,0,total_claim_amount,1250,0.0,0.0
PRV54044,1e-04,Low,0,0,total_claim_amount,820,0.0,0.0
PRV53924,1e-04,Low,0,0,total_claim_amount,0,0.0,0.0
PRV55292,1e-04,Low,0,0,total_claim_amount,610,0.0,0.0
PRV56317,1e-04,Low,0,0,total_claim_amount,10,0.0,0.0
PRV52251,1e-04,Low,0,0,total_claim_amount,270,0.0,0.0
PRV57692,1e-04,Low,0,0,total_claim_amount,450,0.0,0.0
PRV56582,1e-04,Low,0,0,total_claim_amount,30,0.0,0.0
PRV51987,1e-04,Low,0,0,total_claim_amount,30,0.0,0.0
PRV55796,1e-04,Low,0,0,total_claim_amount,870,0.0,0.0
PRV51773,1e-04,Low,0,0,total_claim_amount,760,0.0,0.0
PRV52221,1e-04,Low,0,0,total_claim_amount,10,0.0,0.0
PRV54113,1e-04,Low,0,0,total_claim_amount,60,0.0,0.0
PRV56377,1e-04,Low,0,0,total_claim_amount,60,0.0,0.0
PRV54436,1e-04,Low,0,0,total_claim_amount,2200,0.0,0.0
PRV56926,1e-04,Low,0,0,total_claim_amount,20,0.0,0.0
